,Linearizability,Eventual Consistency
k = 1,133.3968618,141.2570289
k = 3,113.9525295,193.1862723
k = 5,86.52259201,228.6191773