,Linearizability,Eventual Consistency
k = 1,144.5829647,150.6559778
k = 3,106.1762217,127.6113377
k = 5,91.75884352,105.6094444